Final_Cluster,CustomerID,Tenure,MonthlyCharges,TotalCharges,Contract,PaymentMethod,PaperlessBilling,SeniorCitizen,Churn,Cluster_KMeans,Cluster_Hierarchical,Cluster_DBSCAN
0,240.47058823529412,47.0672268907563,116.65546218487395,3120.470588235294,0.4117647058823529,0.7899159663865546,0.226890756302521,0.11764705882352941,0.05042016806722689,0.0,1.0336134453781514,-1.0
1,252.60425531914893,34.46808510638298,107.43829787234043,4449.272340425532,1.004255319148936,0.9914893617021276,0.4978723404255319,1.0,0.10638297872340426,1.0,0.1276595744680851,-1.0
2,251.86301369863014,31.267123287671232,121.15068493150685,4808.397260273972,1.2945205479452055,1.2123287671232876,0.678082191780822,0.0,0.1506849315068493,2.0,1.3835616438356164,-0.9657534246575342
